{"cameraMode":{"drawMode":0,"name":"Shaded","section":"Shading Mode"},"sceneLighting":false,"audioPlay":false,"sceneViewState":{"m_AlwaysRefresh":false,"showFog":false,"showSkybox":false,"showFlares":false,"showImageEffects":false,"showParticleSystems":false,"showVisualEffectGraphs":true,"m_FxEnabled":true},"in2DMode":false,"pivot":{"x":0.010729819536209107,"y":1.2902255058288575,"z":0.08315825462341309},"rotation":{"x":0.10976354777812958,"y":0.8410374522209168,"z":-0.1861395239830017,"w":0.49594905972480776},"size":1.8473297357559205,"orthographic":false}