{"cameraMode":{"drawMode":0,"name":"Shaded","section":"Shading Mode"},"sceneLighting":false,"audioPlay":false,"sceneViewState":{"m_AlwaysRefresh":false,"showFog":false,"showSkybox":false,"showFlares":false,"showImageEffects":false,"showParticleSystems":false,"showVisualEffectGraphs":true,"m_FxEnabled":true},"in2DMode":false,"pivot":{"x":0.0000016689300537109376,"y":1.3748977184295655,"z":-0.008854031562805176},"rotation":{"x":-0.07072974741458893,"y":0.024534029886126519,"z":-0.001740048173815012,"w":-0.9971965551376343},"size":1.8086594343185425,"orthographic":false}